"Eg(keV)","Ig(%)","Decay mode","Half life","unit","Parent"
19.595,0,"a",703800000,"y","235U"
31.6,0.016,"a",703800000,"y","235U"
34.7,0.037,"a",703800000,"y","235U"
41.4,0.03,"a",703800000,"y","235U"
41.95,0.06,"a",703800000,"y","235U"
51.22,0.02,"a",703800000,"y","235U"
54.1,0.03,"a",703800000,"y","235U"
54.25,0.03,"a",703800000,"y","235U"
60.5,0,"a",703800000,"y","235U"
64.37,0.01,"a",703800000,"y","235U"
72.7,0.11,"a",703800000,"y","235U"
73.72,0.01,"a",703800000,"y","235U"
74.8,0.06,"a",703800000,"y","235U"
94,0,"a",703800000,"y","235U"
95.7,0,"a",703800000,"y","235U"
96.09,0.086,"a",703800000,"y","235U"
109.16,1.54,"a",703800000,"y","235U"
115.45,0.07,"a",703800000,"y","235U"
120.35,0.026,"a",703800000,"y","235U"
136.55,0.012,"a",703800000,"y","235U"
140.76,0.22,"a",703800000,"y","235U"
142.4,0.005,"a",703800000,"y","235U"
143.764,10.96,"a",703800000,"y","235U"
147,0,"a",703800000,"y","235U"
150.93,0.076,"a",703800000,"y","235U"
163.358,5.08,"a",703800000,"y","235U"
173.3,0.01,"a",703800000,"y","235U"
182.1,0,"a",703800000,"y","235U"
182.52,0.34,"a",703800000,"y","235U"
185.712,57.2,"a",703800000,"y","235U"
194.94,0.63,"a",703800000,"y","235U"
198.928,0.042,"a",703800000,"y","235U"
199.6,0.1,"a",703800000,"y","235U"
202.111,1.08,"a",703800000,"y","235U"
205.309,5.01,"a",703800000,"y","235U"
215.28,0.027,"a",703800000,"y","235U"
221.399,0.12,"a",703800000,"y","235U"
228.785,0.008,"a",703800000,"y","235U"
233.469,0.029,"a",703800000,"y","235U"
240.875,0.075,"a",703800000,"y","235U"
246.84,0.053,"a",703800000,"y","235U"
251.5,0.04,"a",703800000,"y","235U"
266.45,0.006,"a",703800000,"y","235U"
275.129,0.042,"a",703800000,"y","235U"
275.428,0.007,"a",703800000,"y","235U"
279.5,0.27,"a",703800000,"y","235U"
281.441,0.006,"a",703800000,"y","235U"
282.92,0.005,"a",703800000,"y","235U"
289.56,0.007,"a",703800000,"y","235U"
291.2,0,"a",703800000,"y","235U"
291.65,0.038,"a",703800000,"y","235U"
294.3,0.033,"a",703800000,"y","235U"
301.741,0.005,"a",703800000,"y","235U"
310.69,0.004,"a",703800000,"y","235U"
317.062,0.001,"a",703800000,"y","235U"
325.8,0.0004,"a",703800000,"y","235U"
343.5,0.003,"a",703800000,"y","235U"
345.4,0.07,"a",703800000,"y","235U"
345.9,0.038,"a",703800000,"y","235U"
356.03,0.005,"a",703800000,"y","235U"
368.5,0.07,"a",703800000,"y","235U"
371.8,0.07,"a",703800000,"y","235U"
387.82,0.038,"a",703800000,"y","235U"
390.3,0.04,"a",703800000,"y","235U"
410.29,0.003,"a",703800000,"y","235U"
433,0.004,"a",703800000,"y","235U"
448.4,0.001,"a",703800000,"y","235U"
455.1,0.008,"a",703800000,"y","235U"
517.2,0.0004,"a",703800000,"y","235U"
742.5,0.0004,"a",703800000,"y","235U"
794.7,0.0006,"a",703800000,"y","235U"
9.21,0,"b-",25.52,"h","231Th"
10.25,0,"b-",25.52,"h","231Th"
17.193,0,"b-",25.52,"h","231Th"
18.053,0.33,"b-",25.52,"h","231Th"
19.1,0,"b-",25.52,"h","231Th"
25.646,14.5,"b-",25.52,"h","231Th"
26.55,0.54,"b-",25.52,"h","231Th"
29.3,0.035,"b-",25.52,"h","231Th"
32.73,0.073,"b-",25.52,"h","231Th"
33.32,0.03,"b-",25.52,"h","231Th"
38.9,0.11,"b-",25.52,"h","231Th"
41.55,0.016,"b-",25.52,"h","231Th"
42.22,0.052,"b-",25.52,"h","231Th"
42.838,0.058,"b-",25.52,"h","231Th"
44.08,0.0007,"b-",25.52,"h","231Th"
45.34,0.034,"b-",25.52,"h","231Th"
58.57,0.48,"b-",25.52,"h","231Th"
63.825,0.023,"b-",25.52,"h","231Th"
68.48,0.0057,"b-",25.52,"h","231Th"
72.751,0.251,"b-",25.52,"h","231Th"
77.685,0,"b-",25.52,"h","231Th"
81.227,0.89,"b-",25.52,"h","231Th"
82.087,0.4,"b-",25.52,"h","231Th"
84.216,6.6,"b-",25.52,"h","231Th"
85.8,0.0058,"b-",25.52,"h","231Th"
89.944,0.94,"b-",25.52,"h","231Th"
93.063,0.045,"b-",25.52,"h","231Th"
97.55,0.023,"b-",25.52,"h","231Th"
99.279,0.12,"b-",25.52,"h","231Th"
102.268,0.41,"b-",25.52,"h","231Th"
105.81,0.0071,"b-",25.52,"h","231Th"
106.587,0.017,"b-",25.52,"h","231Th"
106.85,0.03,"b-",25.52,"h","231Th"
115.59,0.001,"b-",25.52,"h","231Th"
116.823,0.0207,"b-",25.52,"h","231Th"
124.925,0.056,"b-",25.52,"h","231Th"
134.025,0.024,"b-",25.52,"h","231Th"
135.667,0.078,"b-",25.52,"h","231Th"
136.714,0.0042,"b-",25.52,"h","231Th"
140.555,0.00071,"b-",25.52,"h","231Th"
145.052,0.0058,"b-",25.52,"h","231Th"
145.912,0.032,"b-",25.52,"h","231Th"
163.105,0.155,"b-",25.52,"h","231Th"
164.95,0.0039,"b-",25.52,"h","231Th"
169.635,0.0012,"b-",25.52,"h","231Th"
173,0.04,"b-",25.52,"h","231Th"
174.16,0.0181,"b-",25.52,"h","231Th"
183.495,0.0329,"b-",25.52,"h","231Th"
188.75,0.0032,"b-",25.52,"h","231Th"
217.94,0.04,"b-",25.52,"h","231Th"
224.1,0.0089,"b-",25.52,"h","231Th"
235.993,0.0092,"b-",25.52,"h","231Th"
237.8,0.09,"b-",25.52,"h","231Th"
240.26,0.00028,"b-",25.52,"h","231Th"
242.524,0.00084,"b-",25.52,"h","231Th"
249.57,0.00078,"b-",25.52,"h","231Th"
250.43,0.00065,"b-",25.52,"h","231Th"
267.62,0.00116,"b-",25.52,"h","231Th"
274.15,3E-5,"b-",25.52,"h","231Th"
308.74,0.00039,"b-",25.52,"h","231Th"
311,0.0029,"b-",25.52,"h","231Th"
317.95,8E-5,"b-",25.52,"h","231Th"
320.209,0.00011,"b-",25.52,"h","231Th"
351.84,7E-5,"b-",25.52,"h","231Th"
10.9,0,"a",32760,"y","231Pa"
12.4,0,"a",32760,"y","231Pa"
14.1,0,"a",32760,"y","231Pa"
15.5,0,"a",32760,"y","231Pa"
16.5,0.31,"a",32760,"y","231Pa"
18.2,0,"a",32760,"y","231Pa"
19,0.37,"a",32760,"y","231Pa"
19.6,0,"a",32760,"y","231Pa"
22.7,0,"a",32760,"y","231Pa"
23.6,0.0048,"a",32760,"y","231Pa"
24.7,0.005,"a",32760,"y","231Pa"
25.51,0.117,"a",32760,"y","231Pa"
27,0,"a",32760,"y","231Pa"
27.36,10.3,"a",32760,"y","231Pa"
29.96,0.109,"a",32760,"y","231Pa"
31,0.01,"a",32760,"y","231Pa"
31.54,0.007,"a",32760,"y","231Pa"
34,0,"a",32760,"y","231Pa"
35.83,0.0161,"a",32760,"y","231Pa"
38.19,0.16,"a",32760,"y","231Pa"
39.73,0.0024,"a",32760,"y","231Pa"
39.97,0.013,"a",32760,"y","231Pa"
42.48,0.0059,"a",32760,"y","231Pa"
43.05,0.007,"a",32760,"y","231Pa"
44.15,0.065,"a",32760,"y","231Pa"
46.36,0.223,"a",32760,"y","231Pa"
50.9,0.00155,"a",32760,"y","231Pa"
52.73,0.085,"a",32760,"y","231Pa"
54.6,0.077,"a",32760,"y","231Pa"
56.76,0.0061,"a",32760,"y","231Pa"
57.18,0.0029,"a",32760,"y","231Pa"
57.18,0.027,"a",32760,"y","231Pa"
60.5,0.0065,"a",32760,"y","231Pa"
63.65,0.05,"a",32760,"y","231Pa"
70.5,0.007,"a",32760,"y","231Pa"
71.9,0.0019,"a",32760,"y","231Pa"
72.7,0.0037,"a",32760,"y","231Pa"
74.15,0.024,"a",32760,"y","231Pa"
77.34,0.0733,"a",32760,"y","231Pa"
96,0,"a",32760,"y","231Pa"
96.84,0.095,"a",32760,"y","231Pa"
100.84,0.03,"a",32760,"y","231Pa"
102.6,0.014,"a",32760,"y","231Pa"
106,0,"a",32760,"y","231Pa"
124.58,0.0048,"a",32760,"y","231Pa"
144.39,0.0119,"a",32760,"y","231Pa"
198.89,0.0049,"a",32760,"y","231Pa"
230,0.0017,"a",32760,"y","231Pa"
242.2,0.009,"a",32760,"y","231Pa"
243.1,0.048,"a",32760,"y","231Pa"
245.6,0.0078,"a",32760,"y","231Pa"
245.99,0.011,"a",32760,"y","231Pa"
255.77,0.112,"a",32760,"y","231Pa"
258.38,0.0024,"a",32760,"y","231Pa"
260.19,0.1878,"a",32760,"y","231Pa"
273.14,0.0597,"a",32760,"y","231Pa"
277.32,0.069,"a",32760,"y","231Pa"
283.69,1.7,"a",32760,"y","231Pa"
286.55,0.01,"a",32760,"y","231Pa"
300.07,2.46,"a",32760,"y","231Pa"
302.65,0.68,"a",32760,"y","231Pa"
302.65,2.2,"a",32760,"y","231Pa"
310,0.0015,"a",32760,"y","231Pa"
312.92,0.102,"a",32760,"y","231Pa"
318.1,0.0034,"a",32760,"y","231Pa"
327.14,0.038,"a",32760,"y","231Pa"
330.06,1.396,"a",32760,"y","231Pa"
340.74,0.181,"a",32760,"y","231Pa"
351.51,0.0073,"a",32760,"y","231Pa"
354.47,0.1,"a",32760,"y","231Pa"
357.12,0.175,"a",32760,"y","231Pa"
359.3,0.009,"a",32760,"y","231Pa"
363.84,0.0078,"a",32760,"y","231Pa"
374.93,0.0049,"a",32760,"y","231Pa"
379.35,0.0503,"a",32760,"y","231Pa"
384.7,0.0037,"a",32760,"y","231Pa"
387,0.00049,"a",32760,"y","231Pa"
391.6,0.0078,"a",32760,"y","231Pa"
395.5,0.00224,"a",32760,"y","231Pa"
398.15,0.0088,"a",32760,"y","231Pa"
407.81,0.0362,"a",32760,"y","231Pa"
410.3,0.0032,"a",32760,"y","231Pa"
427,0.0007,"a",32760,"y","231Pa"
435.1,0.00311,"a",32760,"y","231Pa"
438.01,0.0046,"a",32760,"y","231Pa"
438.7,0.0015,"a",32760,"y","231Pa"
486.83,0.002,"a",32760,"y","231Pa"
490.8,0.00053,"a",32760,"y","231Pa"
501.4,0.0008,"a",32760,"y","231Pa"
510,0.0012,"a",32760,"y","231Pa"
516.2,0.001,"a",32760,"y","231Pa"
535.6,0.00059,"a",32760,"y","231Pa"
546.7,0.00087,"a",32760,"y","231Pa"
571.8,0.00053,"a",32760,"y","231Pa"
583,0.00442,"a",32760,"y","231Pa"
609,0.0073,"a",32760,"y","231Pa"
9.3,0,"b-",21.773,"y","227Ac"
12.7,0,"a",21.773,"y","227Ac"
15.2,0,"b-",21.773,"y","227Ac"
24.5,0,"b-",21.773,"y","227Ac"
55.03,0.0010,"a",21.773,"y","227Ac"
69.21,0.0065,"a",21.773,"y","227Ac"
82,0.0012,"a",21.773,"y","227Ac"
100,0.009,"a",21.773,"y","227Ac"
106.79,0.00132,"a",21.773,"y","227Ac"
121.53,0.00213,"a",21.773,"y","227Ac"
134,0,"a",21.773,"y","227Ac"
147.48,0.0031,"a",21.773,"y","227Ac"
160.26,0.0058,"a",21.773,"y","227Ac"
171.9,0.00127,"a",21.773,"y","227Ac"
241.7,0.0016,"a",21.773,"y","227Ac"
6.3,0,"a",18.72,"d","227Th"
8.2,0,"a",18.72,"d","227Th"
20.3,0.18,"a",18.72,"d","227Th"
20.95,0,"a",18.72,"d","227Th"
29.6,0.0049,"a",18.72,"d","227Th"
29.86,0.09,"a",18.72,"d","227Th"
31.58,0.076,"a",18.72,"d","227Th"
33.4,0.012,"a",18.72,"d","227Th"
40.2,0.025,"a",18.72,"d","227Th"
42.16,0.039,"a",18.72,"d","227Th"
43.8,0.049,"a",18.72,"d","227Th"
43.8,0.22,"a",18.72,"d","227Th"
44.1,0.0074,"a",18.72,"d","227Th"
44.4,0.004,"a",18.72,"d","227Th"
44.4,0.012,"a",18.72,"d","227Th"
46.45,0,"a",18.72,"d","227Th"
48.3,0.0095,"a",18.72,"d","227Th"
48.5,0.048,"a",18.72,"d","227Th"
49.89,0.57,"a",18.72,"d","227Th"
50.13,8,"a",18.72,"d","227Th"
50.84,0,"a",18.72,"d","227Th"
54.2,0,"a",18.72,"d","227Th"
54.2,0,"a",18.72,"d","227Th"
56,0.0095,"a",18.72,"d","227Th"
56.55,0.1,"a",18.72,"d","227Th"
59.6,0.01,"a",18.72,"d","227Th"
61.441,0.085,"a",18.72,"d","227Th"
62,0,"a",18.72,"d","227Th"
62.45,0.19,"a",18.72,"d","227Th"
62.45,0.19,"a",18.72,"d","227Th"
64.31,0.037,"a",18.72,"d","227Th"
66.2,0.006,"a",18.72,"d","227Th"
66.4,0.007,"a",18.72,"d","227Th"
68.72,0.054,"a",18.72,"d","227Th"
68.72,0.054,"a",18.72,"d","227Th"
69.8,0.01,"a",18.72,"d","227Th"
72.9,0.027,"a",18.72,"d","227Th"
73.62,0.019,"a",18.72,"d","227Th"
75.15,0.022,"a",18.72,"d","227Th"
79.72,1.89,"a",18.72,"d","227Th"
90,0,"a",18.72,"d","227Th"
93.93,1.37,"a",18.72,"d","227Th"
94.9,0.0113,"a",18.72,"d","227Th"
94.9,0.0113,"a",18.72,"d","227Th"
96.1,0.066,"a",18.72,"d","227Th"
99.6,0,"a",18.72,"d","227Th"
99.6,0,"a",18.72,"d","227Th"
100.27,0.076,"a",18.72,"d","227Th"
102.5,0,"a",18.72,"d","227Th"
105.2,0,"a",18.72,"d","227Th"
107.75,0.008,"a",18.72,"d","227Th"
107.75,0.008,"a",18.72,"d","227Th"
109.6,0.006,"a",18.72,"d","227Th"
110.65,0,"a",18.72,"d","227Th"
112.6,0.009,"a",18.72,"d","227Th"
113.159,0.15,"a",18.72,"d","227Th"
113.159,0.5,"a",18.72,"d","227Th"
117.2,0,"a",18.72,"d","227Th"
117.2,0.17,"a",18.72,"d","227Th"
117.5,0.0123,"a",18.72,"d","227Th"
123.52,0.01,"a",18.72,"d","227Th"
124.8,0.0025,"a",18.72,"d","227Th"
134.48,0.028,"a",18.72,"d","227Th"
141.49,0.12,"a",18.72,"d","227Th"
141.49,0.12,"a",18.72,"d","227Th"
150.16,0.014,"a",18.72,"d","227Th"
162.1,0.009,"a",18.72,"d","227Th"
168.29,0.014,"a",18.72,"d","227Th"
170,0.0037,"a",18.72,"d","227Th"
173.41,0.015,"a",18.72,"d","227Th"
175.8,0.02,"a",18.72,"d","227Th"
184.65,0.038,"a",18.72,"d","227Th"
197.61,0.014,"a",18.72,"d","227Th"
200.5,0,"a",18.72,"d","227Th"
201.6,0.031,"a",18.72,"d","227Th"
202.5,0.0061,"a",18.72,"d","227Th"
204.27,0.2,"a",18.72,"d","227Th"
205.03,0.15,"a",18.72,"d","227Th"
206.11,0.21,"a",18.72,"d","227Th"
210.65,1.11,"a",18.72,"d","227Th"
212.65,0.06,"a",18.72,"d","227Th"
212.7,0.018,"a",18.72,"d","227Th"
219,0.103,"a",18.72,"d","227Th"
219,0.103,"a",18.72,"d","227Th"
225.5,0.0037,"a",18.72,"d","227Th"
230.3,0,"a",18.72,"d","227Th"
234.81,0.41,"a",18.72,"d","227Th"
235.971,12.3,"a",18.72,"d","227Th"
246.19,0.01,"a",18.72,"d","227Th"
249.6,0.007,"a",18.72,"d","227Th"
250.35,0.086,"a",18.72,"d","227Th"
250.35,0.34,"a",18.72,"d","227Th"
252.6,0.1,"a",18.72,"d","227Th"
254.68,0.7,"a",18.72,"d","227Th"
256.25,7,"a",18.72,"d","227Th"
262.91,0.095,"a",18.72,"d","227Th"
267.1,0,"a",18.72,"d","227Th"
268,0.0057,"a",18.72,"d","227Th"
270.7,0.037,"a",18.72,"d","227Th"
272.93,0.48,"a",18.72,"d","227Th"
279.72,0.06,"a",18.72,"d","227Th"
281,0,"a",18.72,"d","227Th"
281.29,0.16,"a",18.72,"d","227Th"
281.29,0.16,"a",18.72,"d","227Th"
284.4,0.025,"a",18.72,"d","227Th"
285.5,0.048,"a",18.72,"d","227Th"
286.122,1.54,"a",18.72,"d","227Th"
289.5,0,"a",18.72,"d","227Th"
292.41,0.066,"a",18.72,"d","227Th"
296.51,0.46,"a",18.72,"d","227Th"
300,0.34,"a",18.72,"d","227Th"
300,2.32,"a",18.72,"d","227Th"
304.519,1.2,"a",18.72,"d","227Th"
308.4,0.014,"a",18.72,"d","227Th"
312.69,0.48,"a",18.72,"d","227Th"
314.78,0.44,"a",18.72,"d","227Th"
314.78,0.44,"a",18.72,"d","227Th"
318.46,0.0061,"a",18.72,"d","227Th"
319.2,0.032,"a",18.72,"d","227Th"
324.94,0.0049,"a",18.72,"d","227Th"
326.11,0.025,"a",18.72,"d","227Th"
329.851,2.7,"a",18.72,"d","227Th"
334.381,1.05,"a",18.72,"d","227Th"
339.8,0,"a",18.72,"d","227Th"
342.5,0.39,"a",18.72,"d","227Th"
346.45,0.01,"a",18.72,"d","227Th"
348.5,0.0061,"a",18.72,"d","227Th"
350.43,0.113,"a",18.72,"d","227Th"
352.61,0.012,"a",18.72,"d","227Th"
362.5,0.0047,"a",18.72,"d","227Th"
369.35,0.006,"a",18.72,"d","227Th"
370.85,0,"a",18.72,"d","227Th"
374.79,0.0014,"a",18.72,"d","227Th"
376.3,0,"a",18.72,"d","227Th"
382.4,0.006,"a",18.72,"d","227Th"
383.52,0.047,"a",18.72,"d","227Th"
392.4,0.0098,"a",18.72,"d","227Th"
399,0.0025,"a",18.72,"d","227Th"
402.5,0,"a",18.72,"d","227Th"
415.13,0.0016,"a",18.72,"d","227Th"
432.33,0.0047,"a",18.72,"d","227Th"
448,0.00015,"a",18.72,"d","227Th"
452.7,0.00010,"a",18.72,"d","227Th"
457.5,0.00006,"a",18.72,"d","227Th"
466.5,4.7E-05,"a",18.72,"d","227Th"
480,0.00028,"a",18.72,"d","227Th"
482,0.00014,"a",18.72,"d","227Th"
493.1,0.00052,"a",18.72,"d","227Th"
507.4,0.00038,"a",18.72,"d","227Th"
516.4,0.00017,"a",18.72,"d","227Th"
524.3,0.00014,"a",18.72,"d","227Th"
535,9E-05,"a",18.72,"d","227Th"
537,0.00105,"a",18.72,"d","227Th"
552.4,0.00028,"a",18.72,"d","227Th"
556.5,0.00021,"a",18.72,"d","227Th"
569,0.00057,"a",18.72,"d","227Th"
575.7,0.00012,"a",18.72,"d","227Th"
578.5,0.00012,"a",18.72,"d","227Th"
589,5.7E-05,"a",18.72,"d","227Th"
596,1E-05,"a",18.72,"d","227Th"
607.5,0.00017,"a",18.72,"d","227Th"
621.4,5.7E-05,"a",18.72,"d","227Th"
623.8,0.00015,"a",18.72,"d","227Th"
632.3,0.00014,"a",18.72,"d","227Th"
641,1.8E-05,"a",18.72,"d","227Th"
644.2,4.7E-05,"a",18.72,"d","227Th"
648.5,1.8E-05,"a",18.72,"d","227Th"
663.1,5.7E-05,"a",18.72,"d","227Th"
692,3.8E-05,"a",18.72,"d","227Th"
704.3,7.6E-05,"a",18.72,"d","227Th"
707.2,3.8E-05,"a",18.72,"d","227Th"
718.5,2.8E-05,"a",18.72,"d","227Th"
722.1,0.00036,"a",18.72,"d","227Th"
723.6,0.00026,"a",18.72,"d","227Th"
734.4,0.0001,"a",18.72,"d","227Th"
735.5,0.00015,"a",18.72,"d","227Th"
738.4,6.6E-05,"a",18.72,"d","227Th"
746.4,0.0001,"a",18.72,"d","227Th"
748.5,0.00028,"a",18.72,"d","227Th"
754,9E-05,"a",18.72,"d","227Th"
756.9,0.00018,"a",18.72,"d","227Th"
756.9,0.0007,"a",18.72,"d","227Th"
762.2,0.00025,"a",18.72,"d","227Th"
766.3,0.00028,"a",18.72,"d","227Th"
773,0.00012,"a",18.72,"d","227Th"
775.3,0.00141,"a",18.72,"d","227Th"
780.5,0.00031,"a",18.72,"d","227Th"
784.2,9E-05,"a",18.72,"d","227Th"
787.4,9.5E-05,"a",18.72,"d","227Th"
792.6,6.6E-05,"a",18.72,"d","227Th"
796.8,0.00076,"a",18.72,"d","227Th"
803.5,0.00092,"a",18.72,"d","227Th"
807.5,4.7E-05,"a",18.72,"d","227Th"
812.2,0.0026,"a",18.72,"d","227Th"
818,0.00012,"a",18.72,"d","227Th"
823.1,0.0024,"a",18.72,"d","227Th"
826,0.00018,"a",18.72,"d","227Th"
828.5,0.00018,"a",18.72,"d","227Th"
837.3,0.00038,"a",18.72,"d","227Th"
842.2,0.00057,"a",18.72,"d","227Th"
846.7,0.00014,"a",18.72,"d","227Th"
848.7,5.7E-05,"a",18.72,"d","227Th"
854.3,6.6E-05,"a",18.72,"d","227Th"
857.3,5.7E-05,"a",18.72,"d","227Th"
858.3,0.0022,"a",18.72,"d","227Th"
863,1.8E-05,"a",18.72,"d","227Th"
867.5,6.6E-05,"a",18.72,"d","227Th"
876.2,0.00015,"a",18.72,"d","227Th"
878.2,0.00011,"a",18.72,"d","227Th"
891,1.8E-05,"a",18.72,"d","227Th"
893,1.2E-05,"a",18.72,"d","227Th"
896.1,0.0001,"a",18.72,"d","227Th"
908.2,0.002,"a",18.72,"d","227Th"
910,1.5E-05,"a",18.72,"d","227Th"
920,1.1E-05,"a",18.72,"d","227Th"
927,6.6E-06,"a",18.72,"d","227Th"
938,1E-05,"a",18.72,"d","227Th"
941.6,6.8E-05,"a",18.72,"d","227Th"
958.7,5.9E-05,"a",18.72,"d","227Th"
970,2.8E-05,"a",18.72,"d","227Th"
971.7,9E-06,"a",18.72,"d","227Th"
990,3.3E-05,"a",18.72,"d","227Th"
995,6E-06,"a",18.72,"d","227Th"
999.8,2.8E-05,"a",18.72,"d","227Th"
1015.2,1.5E-05,"a",18.72,"d","227Th"
1020,1.8E-05,"a",18.72,"d","227Th"
1025,1.5E-05,"a",18.72,"d","227Th"
4.4,0,"a",11.435,"d","223Ra"
10,0.0137,"a",11.435,"d","223Ra"
14.4,0.0164,"a",11.435,"d","223Ra"
31.99,0.00010,"a",11.435,"d","223Ra"
33.6,0.1,"a",11.435,"d","223Ra"
63.2,0.055,"a",11.435,"d","223Ra"
104.2,0.019,"a",11.435,"d","223Ra"
106.78,0.0233,"a",11.435,"d","223Ra"
110.856,0.058,"a",11.435,"d","223Ra"
114.5,0.009,"a",11.435,"d","223Ra"
122.319,1.192,"a",11.435,"d","223Ra"
131.2,0.005,"a",11.435,"d","223Ra"
136.1,0.027,"a",11.435,"d","223Ra"
143.1,0,"a",11.435,"d","223Ra"
144.232,3.22,"a",11.435,"d","223Ra"
154.21,5.62,"a",11.435,"d","223Ra"
158.633,0.685,"a",11.435,"d","223Ra"
165.5,0.005,"a",11.435,"d","223Ra"
175.8,0.019,"a",11.435,"d","223Ra"
177.1,0.004,"a",11.435,"d","223Ra"
177.4,0.047,"a",11.435,"d","223Ra"
179.54,0.151,"a",11.435,"d","223Ra"
193,0.010,"a",11.435,"d","223Ra"
199.4,0.0027,"a",11.435,"d","223Ra"
219,0.014,"a",11.435,"d","223Ra"
220.6,0.036,"a",11.435,"d","223Ra"
236,0.010,"a",11.435,"d","223Ra"
245.2,0.01,"a",11.435,"d","223Ra"
249.4,0.038,"a",11.435,"d","223Ra"
251.1,0.041,"a",11.435,"d","223Ra"
251.8,0.067,"a",11.435,"d","223Ra"
255.23,0.052,"a",11.435,"d","223Ra"
255.6,0.005,"a",11.435,"d","223Ra"
260.5,0.007,"a",11.435,"d","223Ra"
269.459,13.7,"a",11.435,"d","223Ra"
288.18,0.158,"a",11.435,"d","223Ra"
293.8,0.07,"a",11.435,"d","223Ra"
323.871,3.93,"a",11.435,"d","223Ra"
328.4,0.206,"a",11.435,"d","223Ra"
333.99,0.1,"a",11.435,"d","223Ra"
338.281,2.79,"a",11.435,"d","223Ra"
342.9,0.219,"a",11.435,"d","223Ra"
346.8,0.18,"a",11.435,"d","223Ra"
362.06,0.045,"a",11.435,"d","223Ra"
368.8,0.008,"a",11.435,"d","223Ra"
369.5,0.021,"a",11.435,"d","223Ra"
371.68,0.48,"a",11.435,"d","223Ra"
373.3,0.049,"a",11.435,"d","223Ra"
376,0.012,"a",11.435,"d","223Ra"
382.8,0.014,"a",11.435,"d","223Ra"
388,0.015,"a",11.435,"d","223Ra"
390.4,0.007,"a",11.435,"d","223Ra"
393.5,0.011,"a",11.435,"d","223Ra"
430.5,0.019,"a",11.435,"d","223Ra"
432.1,0.034,"a",11.435,"d","223Ra"
439.3,0.081,"a",11.435,"d","223Ra"
445.03,1.27,"a",11.435,"d","223Ra"
465.2,0.004,"a",11.435,"d","223Ra"
481.6,0.021,"a",11.435,"d","223Ra"
487.6,0.011,"a",11.435,"d","223Ra"
527.61,0.07,"a",11.435,"d","223Ra"
580.4,0,"a",11.435,"d","223Ra"
598.72,0.093,"a",11.435,"d","223Ra"
609.32,0.056,"a",11.435,"d","223Ra"
623.4,0.008,"a",11.435,"d","223Ra"
632,0.03,"a",11.435,"d","223Ra"
711.2,0.0036,"a",11.435,"d","223Ra"
130.59,0.119,"a",3.96,"s","219Rn"
221.5,0.03,"a",3.96,"s","219Rn"
271.23,10.8,"a",3.96,"s","219Rn"
293.54,0.073,"a",3.96,"s","219Rn"
324.9,0.006,"a",3.96,"s","219Rn"
337.7,0.0086,"a",3.96,"s","219Rn"
370.9,0.011,"a",3.96,"s","219Rn"
380,0.000032,"a",3.96,"s","219Rn"
401.81,6.37,"a",3.96,"s","219Rn"
438.2,0.030,"a",3.96,"s","219Rn"
517.63,0.0443,"a",3.96,"s","219Rn"
538.2,0.006,"a",3.96,"s","219Rn"
563.7,0.0032,"a",3.96,"s","219Rn"
608.3,0.0043,"a",3.96,"s","219Rn"
676.64,0.0205,"a",3.96,"s","219Rn"
833,0.0011,"a",3.96,"s","219Rn"
889,0.0016,"a",3.96,"s","219Rn"
1055,0.0006,"a",3.96,"s","219Rn"
438.8,0.040,"a",1.781,"m","215Po"
65.42,0.077,"b-",36.1,"m","211Pb"
81,0.045,"b-",36.1,"m","211Pb"
83.8,0.058,"b-",36.1,"m","211Pb"
88.2,0.017,"b-",36.1,"m","211Pb"
94.3,0.012,"b-",36.1,"m","211Pb"
95,0.018,"b-",36.1,"m","211Pb"
97.3,0.0116,"b-",36.1,"m","211Pb"
244,0.039,"b-",36.1,"m","211Pb"
313.59,0.031,"b-",36.1,"m","211Pb"
342.91,0.035,"b-",36.1,"m","211Pb"
362.072,0.043,"b-",36.1,"m","211Pb"
404.853,3.78,"b-",36.1,"m","211Pb"
427.088,1.76,"b-",36.1,"m","211Pb"
430,0.006,"b-",36.1,"m","211Pb"
478,0.013,"b-",36.1,"m","211Pb"
479.6,0.0052,"b-",36.1,"m","211Pb"
481.1,0.026,"b-",36.1,"m","211Pb"
481.92,0.0103,"b-",36.1,"m","211Pb"
491.82,0.0041,"b-",36.1,"m","211Pb"
494.2,0.0017,"b-",36.1,"m","211Pb"
500.4,0.012,"b-",36.1,"m","211Pb"
502,0.0036,"b-",36.1,"m","211Pb"
504.13,0.0058,"b-",36.1,"m","211Pb"
546,0,"b-",36.1,"m","211Pb"
609.38,0.043,"b-",36.1,"m","211Pb"
676.69,0.013,"b-",36.1,"m","211Pb"
704.64,0.462,"b-",36.1,"m","211Pb"
766.51,0.617,"b-",36.1,"m","211Pb"
832.01,3.52,"b-",36.1,"m","211Pb"
865.93,0.0059,"b-",36.1,"m","211Pb"
951,0.022,"b-",36.1,"m","211Pb"
1014.64,0.0173,"b-",36.1,"m","211Pb"
1080.16,0.0123,"b-",36.1,"m","211Pb"
1090.5,0.0026,"b-",36.1,"m","211Pb"
1103.52,0.0046,"b-",36.1,"m","211Pb"
1109.48,0.115,"b-",36.1,"m","211Pb"
1196.33,0.0102,"b-",36.1,"m","211Pb"
1234.3,0.0013,"b-",36.1,"m","211Pb"
1270.71,0.0068,"b-",36.1,"m","211Pb"
351.059,12.91,"a",2.14,"m","211Bi"
328.12,0.0014,"b-",4.77,"m","207Tl"
569.702,0.00159,"b-",4.77,"m","207Tl"
897.8,0.26,"b-",4.77,"m","207Tl"
